{"c3693898-4cf2-80a5-8001-efa5f8934f33":{"name":"Blue Grey 500","color":"#6a7585","opacity":1,"path":"Blue Grey"},"c3693898-4cf2-80a5-8001-efa6f2d3fe18":{"name":"Red 200","color":"#ec8585","opacity":1,"path":"Red"},"c3693898-4cf2-80a5-8001-efa742bbb3b4":{"name":"Red 500","color":"#df3333","opacity":1,"path":"Red"},"c3693898-4cf2-80a5-8001-efa68128be2c":{"name":"Mono 300","color":"#aaaaaa","opacity":1,"path":"Mono"},"c3693898-4cf2-80a5-8001-efa6c15f7991":{"name":"Mono 900","color":"#111111","opacity":1,"path":"Mono"},"c3693898-4cf2-80a5-8001-efa8e4d09cfa":{"name":"Purple 400","color":"#916ee1","opacity":1,"path":"Purple"},"c3693898-4cf2-80a5-8001-efa88f3744a9":{"name":"Blue 400","color":"#328bb8","opacity":1,"path":"Blue"},"c3693898-4cf2-80a5-8001-efa8abb412d5":{"name":"Blue 700","color":"#16658d","opacity":1,"path":"Blue"},"c3693898-4cf2-80a5-8001-efa5b9e2df6f":{"name":"Blue Grey 050","color":"#a9b4c5","opacity":1,"path":"Blue Grey"},"c3693898-4cf2-80a5-8001-efa7a1395a92":{"name":"Green 700","color":"#316a3e","opacity":1,"path":"Green"},"c3693898-4cf2-80a5-8001-efa48ac10860":{"name":"Atom 050","color":"#353f4e","opacity":1,"path":"Atom"},"c3693898-4cf2-80a5-8001-efa948007661":{"name":"Pink 400","color":"#d3428a","opacity":1,"path":"Pink"},"c3693898-4cf2-80a5-8001-efa81a2c7fa7":{"name":"Yellow 200","color":"#fdd97c","opacity":1,"path":"Yellow"},"c3693898-4cf2-80a5-8001-efa964fb07f5":{"name":"Pink 700","color":"#a52464","opacity":1,"path":"Pink"},"c3693898-4cf2-80a5-8001-efa8f0123f0e":{"name":"Purple 500","color":"#855ede","opacity":1,"path":"Purple"},"c3693898-4cf2-80a5-8001-efa68ef6bdda":{"name":"Mono 400","color":"#666666","opacity":1,"path":"Mono"},"c3693898-4cf2-80a5-8001-efa85425ca59":{"name":"Yellow 700","color":"#c9991d","opacity":1,"path":"Yellow"},"c3693898-4cf2-80a5-8001-efa76da91d40":{"name":"Green 200","color":"#8bb694","opacity":1,"path":"Green"},"c3693898-4cf2-80a5-8001-efa4b57c8b2b":{"name":"Atom 200","color":"#2e3541","opacity":1,"path":"Atom"},"c3693898-4cf2-80a5-8001-efa4e555aed1":{"name":"Atom 500","color":"#242830","opacity":1,"path":"Atom"},"c3693898-4cf2-80a5-8001-efa57ed3c795":{"name":"Teal 600","color":"#0c857a","opacity":1,"path":"Teal"},"c3693898-4cf2-80a5-8001-efa8d9e28e0c":{"name":"Purple 300","color":"#9d7ee5","opacity":1,"path":"Purple"},"c3693898-4cf2-80a5-8001-efa6b7351ff9":{"name":"Mono 800","color":"#1a1a1a","opacity":1,"path":"Mono"},"c3693898-4cf2-80a5-8001-efa50eeafc4e":{"name":"Atom 900","color":"#16191e","opacity":1,"path":"Atom"},"c3693898-4cf2-80a5-8001-efa5e3fc23fc":{"name":"Blue Grey 300","color":"#838e9f","opacity":1,"path":"Blue Grey"},"c3693898-4cf2-80a5-8001-efa72f093d6d":{"name":"Red 300","color":"#e55c5c","opacity":1,"path":"Red"},"c3693898-4cf2-80a5-8001-efa7c8a71322":{"name":"Orange 300","color":"#e79155","opacity":1,"path":"Orange"},"c3693898-4cf2-80a5-8001-efa6ae5dbebc":{"name":"Mono 700","color":"#222222","opacity":1,"path":"Mono"},"c3693898-4cf2-80a5-8001-efa74af89d79":{"name":"Red 600","color":"#c92e2e","opacity":1,"path":"Red"},"c3693898-4cf2-80a5-8001-efa5cc0f47ff":{"name":"Blue Grey 100","color":"#9ca7b8","opacity":1,"path":"Blue Grey"},"c3693898-4cf2-80a5-8001-efa8a224d76d":{"name":"Blue 600","color":"#18719e","opacity":1,"path":"Blue"},"c3693898-4cf2-80a5-8001-efa61c47872a":{"name":"Blue Grey 800","color":"#454f5f","opacity":1,"path":"Blue Grey"},"c3693898-4cf2-80a5-8001-efa753eb4555":{"name":"Red 700","color":"#b22929","opacity":1,"path":"Red"},"c3693898-4cf2-80a5-8001-efa628b3484a":{"name":"Blue Grey 900","color":"#374151","opacity":1,"path":"Blue Grey"},"c3693898-4cf2-80a5-8001-efa93e21ada8":{"name":"Pink 300","color":"#d85797","opacity":1,"path":"Pink"},"c3693898-4cf2-80a5-8001-efa784546559":{"name":"Green 400","color":"#50915f","opacity":1,"path":"Green"},"c3693898-4cf2-80a5-8001-efa5d9ff9d3d":{"name":"Blue Grey 200","color":"#909bab","opacity":1,"path":"Blue Grey"},"c3693898-4cf2-80a5-8001-efa78ed95a75":{"name":"Green 500","color":"#3d854d","opacity":1,"path":"Green"},"c3693898-4cf2-80a5-8001-efa87ca0779c":{"name":"Blue 200","color":"#76b2d0","opacity":1,"path":"Blue"},"c3693898-4cf2-80a5-8001-efa599431eaf":{"name":"Teal 800","color":"#09685f","opacity":1,"path":"Teal"},"c3693898-4cf2-80a5-8001-efa4cf0bf33c":{"name":"Atom 300","color":"#2b303b","opacity":1,"path":"Atom"},"c3693898-4cf2-80a5-8001-efa840925665":{"name":"Yellow 500","color":"#fbbf24","opacity":1,"path":"Yellow"},"c3693898-4cf2-80a5-8001-efa4fa2190f8":{"name":"Atom 700","color":"#1e2229","opacity":1,"path":"Atom"},"c3693898-4cf2-80a5-8001-efa60e7b917f":{"name":"Blue Grey 700","color":"#515b6c","opacity":1,"path":"Blue Grey"},"c3693898-4cf2-80a5-8001-efa677c77364":{"name":"Mono 200","color":"#cccccc","opacity":1,"path":"Mono"},"c3693898-4cf2-80a5-8001-efa69b532991":{"name":"Mono 500","color":"#444444","opacity":1,"path":"Mono"},"c3693898-4cf2-80a5-8001-efa798587fcf":{"name":"Green 600","color":"#377845","opacity":1,"path":"Green"},"c3693898-4cf2-80a5-8001-efa7e3e9db3a":{"name":"Orange 600","color":"#cb6a27","opacity":1,"path":"Orange"},"c3693898-4cf2-80a5-8001-efa886d72b26":{"name":"Blue 300","color":"#4998c0","opacity":1,"path":"Blue"},"c3693898-4cf2-80a5-8001-efa4dcaaa474":{"name":"Atom 400","color":"#272b34","opacity":1,"path":"Atom"},"c3693898-4cf2-80a5-8001-efa8f8c2db2a":{"name":"Purple 600","color":"#7855c8","opacity":1,"path":"Purple"},"c3693898-4cf2-80a5-8001-efa9517f9bb4":{"name":"Pink 500","color":"#ce2d7d","opacity":1,"path":"Pink"},"c3693898-4cf2-80a5-8001-efa6a3ae21be":{"name":"Mono 600","color":"#333333","opacity":1,"path":"Mono"},"c3693898-4cf2-80a5-8001-efa836aa662a":{"name":"Yellow 400","color":"#fbc53a","opacity":1,"path":"Yellow"},"c3693898-4cf2-80a5-8001-efa7d95f995b":{"name":"Orange 500","color":"#e1762b","opacity":1,"path":"Orange"},"c3693898-4cf2-80a5-8001-efa552e7081e":{"name":"Teal 300","color":"#3da9a0","opacity":1,"path":"Teal"},"c3693898-4cf2-80a5-8001-efa778b6cd5d":{"name":"Green 300","color":"#649d71","opacity":1,"path":"Green"},"c3693898-4cf2-80a5-8001-efa8cf96f512":{"name":"Purple 200","color":"#b69eeb","opacity":1,"path":"Purple"},"c3693898-4cf2-80a5-8001-efa4a27628bb":{"name":"Atom 100","color":"#323a47","opacity":1,"path":"Atom"},"c3693898-4cf2-80a5-8001-efa849caf7d6":{"name":"Yellow 600","color":"#e2ac20","opacity":1,"path":"Yellow"},"c3693898-4cf2-80a5-8001-efa7bf25f5b7":{"name":"Orange 200","color":"#edad80","opacity":1,"path":"Orange"},"c3693898-4cf2-80a5-8001-efa601caf7ab":{"name":"Blue Grey 600","color":"#5e6878","opacity":1,"path":"Blue Grey"},"c3693898-4cf2-80a5-8001-efa897aed364":{"name":"Blue 500","color":"#1b7eb0","opacity":1,"path":"Blue"},"c3693898-4cf2-80a5-8001-efa588bb5377":{"name":"Teal 700","color":"#0a766d","opacity":1,"path":"Teal"},"c3693898-4cf2-80a5-8001-efa82a403c81":{"name":"Yellow 300","color":"#fccc50","opacity":1,"path":"Yellow"},"c3693898-4cf2-80a5-8001-efa4f093d4f6":{"name":"Atom 600","color":"#21252d","opacity":1,"path":"Atom"},"c3693898-4cf2-80a5-8001-efa90227057c":{"name":"Purple 700","color":"#6a4bb2","opacity":1,"path":"Purple"},"c3693898-4cf2-80a5-8001-efa656dddaf9":{"name":"Mono 050","color":"#ffffff","opacity":1,"path":"Mono"},"c3693898-4cf2-80a5-8001-efa9361984d3":{"name":"Pink 200","color":"#e281b1","opacity":1,"path":"Pink"},"c3693898-4cf2-80a5-8001-efa575c27ce4":{"name":"Teal 500","color":"#0d9488","opacity":1,"path":"Teal"},"c3693898-4cf2-80a5-8001-efa5eecefa29":{"name":"Blue Grey 400","color":"#778192","opacity":1,"path":"Blue Grey"},"c3693898-4cf2-80a5-8001-efa7ec239aa4":{"name":"Orange 700","color":"#b45e22","opacity":1,"path":"Orange"},"c3693898-4cf2-80a5-8001-efa95c6ae1a8":{"name":"Pink 600","color":"#b92971","opacity":1,"path":"Pink"},"c3693898-4cf2-80a5-8001-efa567bb8901":{"name":"Teal 400","color":"#259f94","opacity":1,"path":"Teal"},"c3693898-4cf2-80a5-8001-efa66a07ef58":{"name":"Mono 100","color":"#eeeeee","opacity":1,"path":"Mono"},"c3693898-4cf2-80a5-8001-efa505d851cb":{"name":"Atom 800","color":"#1b1f26","opacity":1,"path":"Atom"},"c3693898-4cf2-80a5-8001-efa7d0e74090":{"name":"Orange 400","color":"#e48440","opacity":1,"path":"Orange"},"c3693898-4cf2-80a5-8001-efa739051fa5":{"name":"Red 400","color":"#e24747","opacity":1,"path":"Red"}}