{"c3693898-4cf2-80a5-8001-efab4c7bed3b":{"textTransform":"none","fontFamily":"Open Sans","fontStyle":"normal","fontWeight":"400","lineHeight":"1.5","path":"","letterSpacing":"0","name":"07 - Text 3XL","fontVariantId":"regular","fontSize":"38","fontId":"gfont-open-sans"},"c3693898-4cf2-80a5-8001-efaa2710514d":{"textTransform":"none","fontFamily":"Open Sans","fontStyle":"normal","fontWeight":"400","lineHeight":"1","path":"","letterSpacing":"0","name":"01 - Text SM","fontVariantId":"regular","fontSize":"15","fontId":"gfont-open-sans"},"c3693898-4cf2-80a5-8001-efaaaa29eb46":{"textTransform":"none","fontFamily":"Open Sans","fontStyle":"normal","fontWeight":"400","lineHeight":"1","path":"","letterSpacing":"0","name":"03 - Text MD","fontVariantId":"regular","fontSize":"20","fontId":"gfont-open-sans"},"c3693898-4cf2-80a5-8001-efaadf00a64e":{"textTransform":"none","fontFamily":"Open Sans","fontStyle":"normal","fontWeight":"400","lineHeight":"1","path":"","letterSpacing":"0","name":"04 - Text LG","fontVariantId":"regular","fontSize":"22","fontId":"gfont-open-sans"},"c3693898-4cf2-80a5-8001-efab1fa3f7fe":{"textTransform":"none","fontFamily":"Open Sans","fontStyle":"normal","fontWeight":"400","lineHeight":"1.5","path":"","letterSpacing":"0","name":"06 - Text 2XL","fontVariantId":"regular","fontSize":"32","fontId":"gfont-open-sans"},"c3693898-4cf2-80a5-8001-efab6534ed28":{"textTransform":"none","fontFamily":"Open Sans","fontStyle":"normal","fontWeight":"400","lineHeight":"1.5","path":"","letterSpacing":"0","name":"08 - Text 4XL","fontVariantId":"regular","fontSize":"50","fontId":"gfont-open-sans"},"c3693898-4cf2-80a5-8001-efaa814a9c70":{"textTransform":"none","fontFamily":"Open Sans","fontStyle":"normal","fontWeight":"400","lineHeight":"1","path":"","letterSpacing":"0","name":"02 - Text RG","fontVariantId":"regular","fontSize":"17","fontId":"gfont-open-sans"},"c3693898-4cf2-80a5-8001-efa996c8bce4":{"textTransform":"none","fontFamily":"Open Sans","fontStyle":"normal","fontWeight":"400","lineHeight":"1","path":"","letterSpacing":"0","name":"00 - Text XS","fontVariantId":"regular","fontSize":"13","fontId":"gfont-open-sans"},"c3693898-4cf2-80a5-8001-efab045abdfd":{"textTransform":"none","fontFamily":"Open Sans","fontStyle":"normal","fontWeight":"400","lineHeight":"1","path":"","letterSpacing":"0","name":"05 - Text XL","fontVariantId":"regular","fontSize":"26","fontId":"gfont-open-sans"}}